cycle_index,t_ms,pixel_width
-1,0.002,175
-1,18.331,175
-1,36.857,175
-1,55.870,175
-1,74.227,175
-1,92.424,183
-1,111.351,183
-1,129.227,183
-1,147.225,183
-1,166.265,183
-1,184.649,183
-1,203.755,183
-1,224.429,183
-1,242.835,183
-1,261.805,191
-1,279.668,191
-1,298.052,191
-1,316.528,191
-1,335.535,191
-1,354.160,191
-1,372.829,191
-1,392.029,191
-1,411.020,191
-1,428.411,199
-1,445.971,199
-1,464.053,199
-1,482.227,199
-1,500.651,199
-1,518.876,199
-1,537.110,199
-1,561.791,199
-1,579.959,208
-1,599.073,208
-1,618.278,208
-1,638.195,208
-1,657.238,208
-1,681.198,208
-1,699.870,208
-1,719.206,208
-1,738.336,208
-1,757.544,216
-1,776.424,216
-1,795.534,216
-1,813.999,216
-1,832.500,216
-1,851.716,216
-1,870.357,216
-1,890.426,216
-1,910.351,216
-1,928.949,224
-1,948.764,224
-1,968.001,224
-1,987.029,224
-1,1006.577,224
-1,1025.579,224
-1,1045.324,224
-1,1063.572,224
-1,1082.307,233
-1,1100.388,233
-1,1119.230,233
-1,1137.806,233
-1,1157.001,233
-1,1175.804,233
-1,1194.314,233
-1,1212.063,233
-1,1231.323,233
-1,1251.251,240
-1,1269.695,240
-1,1288.991,240
-1,1307.420,240
-1,1326.047,240
-1,1344.529,240
-1,1362.019,240
-1,1380.197,240
-1,1401.903,240
0,1420.384,0
0,1438.932,0
0,1457.217,0
0,1476.518,0
0,1495.293,0
0,1513.570,0
0,1531.589,0
0,1549.577,0
0,1568.778,0
0,1587.536,8
0,1606.407,8
0,1625.164,8
0,1643.703,8
0,1661.698,8
0,1679.523,8
0,1697.630,8
0,1716.312,8
0,1735.251,8
0,1754.211,17
0,1772.543,17
0,1791.247,17
0,1810.416,17
0,1829.881,17
0,1848.848,17
0,1868.335,17
0,1890.470,17
0,1909.076,17
0,1928.555,25
0,1947.715,25
0,1966.378,25
0,1986.478,25
0,2005.575,25
0,2022.501,25
0,2040.380,25
0,2057.507,25
0,2073.880,25
0,2092.908,33
0,2109.892,33
0,2126.949,33
0,2145.370,33
0,2163.595,33
0,2179.117,33
0,2197.474,33
0,2216.187,33
0,2232.477,33
0,2247.941,42
0,2265.305,42
0,2284.441,42
0,2303.136,42
0,2321.946,42
0,2340.805,42
0,2359.427,42
0,2378.930,42
0,2395.884,42
0,2411.004,50
0,2428.922,50
0,2447.233,50
0,2464.315,50
0,2479.975,50
0,2495.936,50
0,2515.702,50
0,2531.362,50
0,2549.095,50
0,2568.607,50
0,2587.726,58
0,2605.250,58
0,2625.327,58
0,2644.164,58
0,2662.276,58
0,2681.449,58
0,2700.157,58
0,2718.838,58
0,2737.876,58
0,2756.068,66
0,2775.027,66
0,2794.614,66
0,2812.900,66
0,2830.095,66
0,2846.800,66
0,2865.109,66
0,2883.665,66
0,2901.828,66
0,2920.852,75
0,2938.126,75
0,2953.984,75
0,2970.397,75
0,2986.139,75
0,3001.663,75
0,3016.863,75
0,3032.303,75
0,3047.778,75
0,3062.979,75
0,3078.196,83
0,3093.979,83
0,3109.367,83
0,3125.818,83
0,3142.496,83
0,3159.845,83
0,3176.085,83
0,3192.797,83
0,3209.537,83
0,3225.995,83
0,3242.905,91
0,3259.403,91
0,3276.649,91
0,3292.471,91
0,3309.180,91
0,3329.084,91
0,3344.200,91
0,3359.557,91
0,3376.327,91
0,3394.154,91
0,3410.999,100
0,3426.156,100
0,3442.354,100
0,3459.385,100
0,3475.503,100
0,3492.208,100
0,3508.130,100
0,3523.788,100
0,3539.946,100
0,3555.567,100
0,3572.166,100
0,3589.015,108
0,3605.574,108
0,3621.987,108
0,3637.698,108
0,3653.362,108
0,3668.767,108
0,3684.077,108
0,3699.758,108
0,3715.257,108
0,3730.491,108
0,3748.453,116
0,3764.268,116
0,3779.090,116
0,3800.487,116
0,3815.528,116
0,3830.926,116
0,3846.039,116
0,3860.900,116
0,3875.394,116
0,3890.933,116
0,3906.033,116
0,3921.208,125
0,3937.134,125
0,3953.374,125
0,3968.610,125
0,3983.904,125
0,3999.420,125
0,4014.557,125
0,4029.541,125
0,4044.028,125
0,4059.326,125
0,4076.474,133
0,4092.806,133
0,4109.434,133
0,4126.101,133
0,4142.122,133
0,4157.449,133
0,4172.619,133
0,4188.053,133
0,4203.652,133
0,4219.542,133
0,4235.461,133
0,4251.007,141
0,4267.194,141
0,4282.135,141
0,4297.939,141
0,4313.255,141
0,4328.085,141
0,4343.394,141
0,4358.832,141
0,4375.702,141
0,4392.314,141
0,4408.599,141
0,4424.515,150
0,4440.107,150
0,4456.581,150
0,4472.069,150
0,4487.555,150
0,4504.407,150
0,4519.849,150
0,4535.402,150
0,4550.304,150
0,4566.069,150
0,4581.050,158
0,4596.368,158
0,4611.751,158
0,4626.930,158
0,4642.229,158
0,4658.579,158
0,4673.993,158
0,4689.488,158
0,4706.243,158
0,4722.110,158
0,4737.300,158
0,4752.488,166
0,4767.372,166
0,4782.538,166
0,4797.681,166
0,4813.211,166
0,4828.471,166
0,4843.548,166
0,4858.915,166
0,4874.908,166
0,4890.753,166
0,4906.417,166
0,4922.194,175
0,4937.701,175
0,4953.630,175
0,4969.134,175
0,4985.032,175
0,5002.776,175
0,5019.336,175
0,5035.287,175
0,5050.635,175
0,5066.233,175
0,5082.004,183
0,5097.504,183
0,5113.054,183
0,5128.462,183
0,5142.985,183
0,5157.934,183
0,5173.222,183
0,5187.951,183
0,5202.715,183
0,5217.729,183
0,5233.258,183
0,5248.105,191
0,5262.520,191
0,5276.953,191
0,5291.685,191
0,5306.996,191
0,5323.042,191
0,5338.502,191
0,5354.834,191
0,5371.302,191
0,5386.140,191
0,5401.272,191
0,5417.073,199
0,5432.883,199
0,5447.840,199
0,5464.117,199
0,5480.203,199
0,5496.084,199
0,5511.588,199
0,5526.650,199
0,5542.415,199
0,5559.620,199
0,5576.033,208
0,5592.388,208
0,5607.827,208
0,5623.711,208
0,5640.629,208
0,5656.638,208
0,5672.723,208
0,5688.629,208
0,5705.203,208
0,5721.833,208
0,5737.920,208
0,5757.354,216
0,5773.534,216
0,5789.725,216
0,5805.362,216
0,5821.621,216
0,5838.350,216
0,5855.201,216
0,5871.844,216
0,5887.800,216
0,5904.576,216
0,5920.974,224
0,5937.093,224
0,5954.326,224
0,5970.116,224
0,5985.678,224
0,6002.058,224
0,6017.848,224
0,6033.525,224
0,6049.268,224
0,6064.587,224
0,6080.306,233
0,6095.479,233
0,6110.656,233
0,6125.680,233
0,6141.933,233
0,6157.319,233
0,6172.709,233
0,6188.543,233
0,6204.191,233
0,6221.772,233
0,6237.569,233
0,6253.918,240
0,6270.529,240
0,6286.539,240
0,6301.605,240
0,6317.008,240
0,6332.752,240
0,6348.701,240
0,6364.062,240
0,6378.601,240
0,6393.254,240
1,6408.176,0
1,6424.018,0
1,6438.479,0
1,6454.290,0
1,6469.774,0
1,6485.036,0
1,6499.358,0
1,6514.605,0
1,6529.380,0
1,6544.574,0
1,6559.214,0
1,6577.941,8
1,6593.431,8
1,6608.252,8
1,6624.372,8
1,6640.089,8
1,6655.522,8
1,6670.693,8
1,6685.931,8
1,6701.298,8
1,6716.455,8
1,6731.519,8
1,6747.466,17
1,6763.153,17
1,6777.526,17
1,6792.424,17
1,6808.332,17
1,6823.565,17
1,6839.003,17
1,6854.177,17
1,6869.589,17
1,6886.208,17
1,6901.613,17
1,6916.725,25
1,6931.896,25
1,6948.238,25
1,6962.830,25
1,6978.859,25
1,6993.700,25
1,7008.500,25
1,7024.056,25
1,7039.655,25
1,7054.879,25
1,7070.152,25
1,7086.427,33
1,7101.700,33
1,7116.672,33
1,7131.883,33
1,7146.216,33
1,7161.690,33
1,7175.999,33
1,7191.772,33
1,7207.209,33
1,7224.073,33
1,7239.977,33
1,7255.524,42
1,7270.983,42
1,7287.162,42
1,7302.956,42
1,7318.390,42
1,7334.064,42
1,7349.961,42
1,7365.501,42
1,7380.429,42
1,7396.609,42
1,7412.068,50
1,7427.468,50
1,7443.134,50
1,7458.855,50
1,7475.943,50
1,7494.105,50
1,7510.281,50
1,7525.427,50
1,7541.344,50
1,7556.888,50
1,7572.762,50
1,7588.811,58
1,7604.913,58
1,7620.736,58
1,7637.320,58
1,7652.624,58
1,7668.987,58
1,7684.416,58
1,7699.462,58
1,7715.100,58
1,7730.503,58
1,7745.217,66
1,7760.574,66
1,7776.088,66
1,7792.041,66
1,7807.341,66
1,7823.736,66
1,7839.279,66
1,7854.600,66
1,7870.155,66
1,7885.912,66
1,7901.490,66
1,7916.677,75
1,7932.517,75
1,7948.401,75
1,7963.893,75
1,7979.813,75
1,7996.398,75
1,8011.554,75
1,8026.963,75
1,8041.634,75
1,8057.237,75
1,8073.204,75
1,8090.983,83
1,8106.297,83
1,8122.135,83
1,8138.567,83
1,8154.613,83
1,8170.386,83
1,8185.498,83
1,8201.353,83
1,8217.197,83
1,8233.002,83
1,8247.993,91
1,8262.825,91
1,8278.103,91
1,8292.883,91
1,8308.559,91
1,8324.313,91
1,8339.462,91
1,8354.698,91
1,8370.227,91
1,8384.967,91
1,8399.654,91
1,8414.822,100
1,8429.660,100
1,8445.249,100
1,8459.952,100
1,8475.458,100
1,8496.014,100
1,8511.348,100
1,8526.090,100
1,8541.986,100
1,8558.582,100
1,8574.066,100
1,8589.771,100
1,8605.881,108
1,8621.276,108
1,8637.316,108
1,8653.203,108
1,8668.612,108
1,8683.812,108
1,8699.141,108
1,8714.493,108
1,8729.598,108
1,8745.107,108
1,8761.549,116
1,8777.943,116
1,8793.337,116
1,8808.145,116
1,8823.094,116
1,8838.035,116
1,8853.037,116
1,8868.565,116
1,8884.068,116
1,8899.143,116
1,8914.361,116
1,8930.010,125
1,8946.047,125
1,8961.819,125
1,8977.860,125
1,8993.798,125
1,9008.869,125
1,9024.620,125
1,9039.554,125
1,9054.639,125
1,9071.279,125
1,9087.457,125
1,9102.793,133
1,9118.659,133
1,9134.029,133
1,9149.980,133
1,9165.855,133
1,9181.467,133
1,9196.705,133
1,9212.326,133
1,9228.365,133
1,9243.465,133
1,9259.257,141
1,9275.799,141
1,9291.489,141
1,9307.998,141
1,9324.308,141
1,9341.104,141
1,9357.104,141
1,9373.626,141
1,9389.540,141
1,9405.492,141
1,9420.931,141
1,9436.768,150
1,9452.765,150
1,9468.798,150
1,9484.357,150
1,9500.529,150
1,9516.233,150
1,9532.010,150
1,9547.638,150
1,9564.202,150
1,9580.213,150
1,9596.286,158
1,9614.191,158
1,9631.100,158
1,9649.454,158
1,9665.856,158
1,9684.411,158
1,9700.209,158
1,9716.158,158
1,9732.629,158
1,9748.873,158
1,9764.702,166
1,9780.297,166
1,9796.576,166
1,9812.484,166
1,9828.532,166
1,9843.720,166
1,9858.759,166
1,9874.874,166
1,9890.878,166
1,9906.966,166
1,9922.743,166
1,9938.848,175
1,9955.295,175
1,9971.311,175
1,9988.548,175
1,10004.900,175
1,10022.158,175
1,10038.364,175
1,10055.541,175
1,10071.347,175
1,10087.570,175
1,10103.122,183
1,10119.108,183
1,10134.840,183
1,10150.515,183
1,10166.004,183
1,10181.523,183
1,10196.590,183
1,10212.624,183
1,10229.045,183
1,10244.612,183
1,10259.720,191
1,10274.985,191
1,10291.480,191
1,10307.063,191
1,10323.550,191
1,10341.258,191
1,10360.130,191
1,10375.765,191
1,10392.359,191
1,10409.199,191
1,10431.399,199
1,10451.507,199
1,10469.533,199
1,10486.290,199
1,10504.178,199
1,10520.741,199
1,10537.586,199
1,10554.713,199
1,10571.110,199
1,10587.380,199
1,10605.209,208
1,10621.708,208
1,10638.326,208
1,10654.383,208
1,10669.952,208
1,10685.416,208
1,10701.097,208
1,10716.782,208
1,10732.773,208
1,10765.860,208
1,10782.222,216
1,10798.352,216
1,10814.364,216
1,10831.764,216
1,10847.983,216
1,10865.583,216
1,10881.553,216
1,10897.293,216
1,10913.522,216
1,10929.949,224
1,10945.897,224
1,10961.904,224
1,10977.024,224
1,10999.692,224
1,11019.339,224
1,11040.450,224
1,11057.779,224
1,11074.402,224
1,11092.252,224
1,11109.754,233
1,11126.088,233
1,11142.980,233
1,11160.430,233
1,11176.846,233
1,11193.069,233
1,11209.296,233
1,11227.328,233
1,11242.659,233
1,11259.818,240
1,11275.304,240
1,11291.827,240
1,11306.931,240
1,11322.230,240
1,11337.744,240
1,11352.979,240
1,11368.371,240
1,11383.331,240
1,11398.901,240
2,11415.746,0
2,11432.498,0
2,11447.644,0
2,11463.084,0
2,11478.843,0
2,11493.708,0
2,11508.656,0
2,11524.356,0
2,11540.556,0
2,11556.676,0
2,11572.001,0
2,11588.254,8
2,11604.916,8
2,11621.513,8
2,11637.398,8
2,11653.913,8
2,11669.541,8
2,11685.693,8
2,11701.139,8
2,11716.623,8
2,11732.477,8
2,11748.422,17
2,11764.273,17
2,11779.613,17
2,11794.194,17
2,11809.053,17
2,11825.432,17
2,11842.478,17
2,11858.730,17
2,11874.644,17
2,11890.258,17
2,11906.561,17
2,11922.614,25
2,11938.406,25
2,11954.903,25
2,11970.882,25
2,11987.406,25
2,12003.099,25
2,12019.322,25
2,12034.909,25
2,12049.988,25
2,12065.533,25
2,12082.274,33
2,12098.132,33
2,12112.572,33
2,12127.068,33
2,12142.701,33
2,12158.377,33
2,12173.994,33
2,12189.831,33
2,12205.223,33
2,12220.568,33
2,12236.694,33
2,12252.197,42
2,12267.370,42
2,12282.790,42
2,12298.512,42
2,12314.223,42
2,12329.249,42
2,12344.013,42
2,12358.911,42
2,12375.021,42
2,12390.425,42
2,12406.423,42
2,12422.291,50
2,12437.741,50
2,12454.591,50
2,12469.716,50
2,12485.210,50
2,12501.040,50
2,12516.229,50
2,12532.025,50
2,12547.803,50
2,12562.558,50
2,12576.932,58
2,12591.577,58
2,12607.246,58
2,12622.984,58
2,12639.223,58
2,12654.846,58
2,12671.293,58
2,12687.302,58
2,12702.952,58
2,12718.491,58
2,12734.528,58
2,12750.325,66
2,12767.194,66
2,12782.778,66
2,12798.406,66
2,12813.411,66
2,12829.237,66
2,12844.326,66
2,12860.470,66
2,12875.345,66
2,12891.185,66
2,12906.806,66
2,12922.621,75
2,12938.805,75
2,12954.921,75
2,12970.455,75
2,12987.876,75
2,13003.790,75
2,13019.265,75
2,13035.264,75
2,13050.721,75
2,13066.355,75
2,13083.204,83
2,13098.800,83
2,13114.529,83
2,13130.454,83
2,13145.288,83
2,13160.474,83
2,13174.877,83
2,13190.389,83
2,13205.900,83
2,13221.658,83
2,13237.542,83
2,13253.787,91
2,13269.603,91
2,13285.328,91
2,13300.560,91
2,13315.818,91
2,13331.450,91
2,13346.965,91
2,13362.039,91
2,13376.524,91
2,13392.382,91
2,13408.184,91
2,13424.129,100
2,13439.449,100
2,13455.031,100
2,13472.105,100
2,13488.127,100
2,13504.851,100
2,13520.671,100
2,13537.008,100
2,13553.576,100
2,13569.320,100
2,13584.881,108
2,13600.544,108
2,13615.179,108
2,13630.270,108
2,13644.800,108
2,13660.116,108
2,13675.205,108
2,13691.327,108
2,13707.938,108
2,13723.916,108
2,13739.754,108
2,13755.874,116
2,13772.037,116
2,13788.275,116
2,13805.434,116
2,13822.115,116
2,13840.625,116
2,13856.546,116
2,13872.564,116
2,13888.849,116
2,13905.354,116
2,13925.915,125
2,13942.531,125
2,13958.638,125
2,13974.714,125
2,13992.598,125
2,14008.758,125
2,14025.307,125
2,14041.337,125
2,14057.856,125
2,14073.749,125
2,14091.766,133
2,14107.733,133
2,14124.398,133
2,14140.622,133
2,14156.536,133
2,14172.997,133
2,14189.378,133
2,14205.176,133
2,14221.084,133
2,14236.609,133
2,14252.239,141
2,14268.085,141
2,14284.713,141
2,14300.906,141
2,14317.495,141
2,14333.374,141
2,14349.151,141
2,14364.246,141
2,14380.525,141
2,14396.183,141
2,14411.691,150
2,14427.124,150
2,14442.223,150
2,14458.739,150
2,14475.322,150
2,14490.863,150
2,14508.266,150
2,14524.179,150
2,14539.871,150
2,14555.600,150
2,14571.969,150
2,14587.436,158
2,14603.155,158
2,14619.086,158
2,14634.730,158
2,14649.779,158
2,14664.920,158
2,14679.803,158
2,14695.070,158
2,14709.949,158
2,14724.845,158
2,14741.809,158
2,14758.283,166
2,14773.669,166
2,14790.077,166
2,14805.861,166
2,14821.876,166
2,14837.502,166
2,14853.307,166
2,14869.353,166
2,14885.304,166
2,14901.535,166
2,14916.567,175
2,14933.335,175
2,14948.902,175
2,14963.649,175
2,14978.736,175
2,14994.357,175
2,15009.723,175
2,15024.898,175
2,15040.533,175
2,15055.893,175
2,15071.061,175
2,15087.014,183
2,15103.530,183
2,15119.067,183
2,15135.601,183
2,15151.866,183
2,15167.666,183
2,15182.688,183
2,15197.853,183
2,15213.413,183
2,15228.826,183
2,15244.551,191
2,15259.557,191
2,15275.854,191
2,15291.787,191
2,15307.428,191
2,15323.762,191
2,15339.064,191
2,15354.598,191
2,15369.734,191
2,15385.202,191
2,15400.305,191
2,15415.690,199
2,15431.117,199
2,15446.463,199
2,15461.814,199
2,15476.556,199
2,15492.956,199
2,15508.735,199
2,15524.958,199
2,15541.419,199
2,15558.185,199
2,15574.484,199
2,15590.148,208
2,15606.853,208
2,15623.692,208
2,15640.277,208
2,15656.247,208
2,15672.618,208
2,15688.534,208
2,15704.878,208
2,15720.387,208
2,15737.170,208
2,15754.478,216
2,15770.691,216
2,15786.095,216
2,15802.807,216
2,15819.131,216
2,15834.855,216
2,15851.398,216
2,15868.040,216
2,15883.153,216
2,15898.739,216
2,15914.148,224
2,15929.272,224
2,15943.970,224
2,15958.874,224
2,15975.166,224
2,15990.775,224
2,16006.183,224
2,16021.987,224
2,16037.649,224
2,16054.082,224
2,16069.310,224
2,16085.585,233
2,16100.930,233
2,16115.942,233
2,16131.170,233
2,16146.921,233
2,16161.756,233
2,16177.096,233
2,16192.115,233
2,16207.635,233
2,16223.397,233
2,16238.802,233
2,16254.297,240
2,16270.316,240
2,16286.193,240
2,16301.744,240
2,16317.194,240
2,16332.773,240
2,16348.450,240
2,16364.547,240
2,16380.666,240
2,16395.431,240
3,16410.310,0
3,16425.527,0
3,16440.246,0
3,16456.239,0
3,16471.834,0
3,16488.100,0
3,16504.310,0
3,16519.845,0
3,16535.369,0
3,16550.924,0
3,16566.292,0
3,16582.274,8
3,16596.931,8
3,16612.631,8
3,16627.275,8
3,16642.141,8
3,16657.927,8
3,16673.211,8
3,16689.052,8
3,16704.533,8
3,16719.927,8
3,16735.784,8
3,16751.604,17
3,16767.186,17
3,16782.993,17
3,16799.353,17
3,16814.570,17
3,16829.281,17
3,16845.247,17
3,16860.460,17
3,16875.426,17
3,16891.638,17
3,16907.058,17
3,16922.778,25
3,16938.551,25
3,16954.014,25
3,16970.349,25
3,16985.739,25
3,17001.692,25
3,17017.204,25
3,17032.697,25
3,17048.486,25
3,17063.296,25
3,17078.272,33
3,17093.903,33
3,17109.367,33
3,17125.067,33
3,17140.424,33
3,17155.959,33
3,17171.691,33
3,17187.737,33
3,17203.184,33
3,17219.932,33
3,17239.923,33
3,17255.851,42
3,17271.029,42
3,17287.144,42
3,17302.279,42
3,17317.885,42
3,17333.527,42
3,17348.861,42
3,17364.336,42
3,17379.078,42
3,17394.678,42
3,17409.449,50
3,17425.947,50
3,17441.915,50
3,17457.931,50
3,17473.464,50
3,17489.799,50
3,17505.673,50
3,17521.602,50
3,17537.284,50
3,17552.855,50
3,17568.758,50
3,17584.110,58
3,17599.887,58
3,17616.431,58
3,17632.101,58
3,17648.141,58
3,17663.322,58
3,17678.652,58
3,17693.789,58
3,17708.506,58
3,17724.565,58
3,17741.404,58
3,17758.218,66
3,17773.805,66
3,17789.599,66
3,17805.574,66
3,17821.422,66
3,17837.698,66
3,17853.897,66
3,17869.712,66
3,17885.455,66
3,17901.949,66
3,17917.662,75
3,17933.851,75
3,17948.626,75
3,17964.396,75
3,17978.991,75
3,17994.049,75
3,18008.850,75
3,18025.115,75
3,18040.555,75
3,18056.076,75
3,18070.930,75
3,18085.948,83
3,18101.158,83
3,18115.857,83
3,18130.476,83
3,18144.895,83
3,18159.586,83
3,18175.141,83
3,18190.712,83
3,18206.372,83
3,18221.547,83
3,18236.983,83
3,18251.956,91
3,18267.459,91
3,18283.077,91
3,18297.948,91
3,18313.024,91
3,18327.992,91
3,18342.502,91
3,18358.429,91
3,18373.984,91
3,18389.006,91
3,18404.250,91
3,18419.971,100
3,18435.412,100
3,18450.093,100
3,18464.836,100
3,18479.344,100
3,18494.102,100
3,18509.096,100
3,18524.816,100
3,18540.420,100
3,18555.922,100
3,18571.732,100
3,18587.074,108
3,18602.923,108
3,18618.523,108
3,18635.208,108
3,18651.535,108
3,18667.385,108
3,18682.419,108
3,18697.960,108
3,18712.792,108
3,18727.326,108
3,18741.776,116
3,18757.348,116
3,18772.445,116
3,18788.047,116
3,18804.137,116
3,18820.300,116
3,18835.864,116
3,18851.446,116
3,18866.743,116
3,18882.143,116
3,18897.976,116
3,18912.500,125
3,18927.132,125
3,18941.950,125
3,18958.069,125
3,18973.921,125
3,18989.179,125
3,19004.512,125
3,19020.021,125
3,19034.783,125
3,19050.872,125
3,19066.362,125
3,19081.697,133
3,19097.261,133
3,19112.048,133
3,19126.733,133
3,19141.605,133
3,19157.731,133
3,19173.325,133
3,19188.676,133
3,19204.231,133
3,19220.298,133
3,19235.854,133
3,19251.686,141
3,19266.972,141
3,19282.929,141
3,19298.276,141
3,19313.033,141
3,19328.417,141
3,19343.046,141
3,19358.675,141
3,19374.360,141
3,19389.659,141
3,19405.171,141
3,19420.689,150
3,19436.488,150
3,19451.876,150
3,19467.039,150
3,19482.885,150
3,19498.214,150
3,19513.528,150
3,19528.460,150
3,19543.218,150
3,19558.860,150
3,19575.156,150
3,19591.972,158
3,19607.998,158
3,19623.579,158
3,19639.227,158
3,19655.243,158
3,19671.535,158
3,19687.284,158
3,19703.404,158
3,19719.406,158
3,19735.315,158
3,19751.114,166
3,19766.377,166
3,19781.985,166
3,19797.686,166
3,19813.114,166
3,19827.750,166
3,19843.469,166
3,19858.529,166
3,19874.117,166
3,19889.781,166
3,19906.406,166
3,19922.497,175
3,19939.990,175
3,19961.237,175
3,19976.112,175
3,19993.191,175
3,20008.955,175
3,20025.669,175
3,20042.130,175
3,20057.899,175
3,20074.202,175
3,20090.650,183
3,20106.457,183
3,20123.021,183
3,20139.060,183
3,20155.040,183
3,20171.430,183
3,20187.053,183
3,20203.444,183
3,20220.326,183
3,20237.149,183
3,20253.498,191
3,20270.806,191
3,20287.113,191
3,20303.552,191
3,20319.528,191
3,20335.857,191
3,20351.343,191
3,20367.268,191
3,20382.984,191
3,20398.650,191
3,20414.397,199
3,20429.793,199
3,20445.062,199
3,20460.090,199
3,20475.121,199
3,20490.726,199
3,20506.795,199
3,20523.291,199
3,20538.704,199
3,20554.159,199
3,20570.739,199
3,20586.860,208
3,20602.674,208
3,20618.435,208
3,20634.565,208
3,20650.348,208
3,20665.785,208
3,20682.189,208
3,20697.855,208
3,20713.605,208
3,20728.547,208
3,20743.576,216
3,20758.461,216
3,20774.072,216
3,20789.526,216
3,20805.519,216
3,20821.750,216
3,20838.279,216
3,20854.060,216
3,20869.723,216
3,20885.918,216
3,20901.748,216
3,20917.710,224
3,20933.193,224
3,20949.999,224
3,20965.893,224
3,20982.075,224
3,20997.226,224
3,21012.775,224
3,21027.773,224
3,21043.160,224
3,21058.680,224
3,21074.335,224
3,21089.603,233
3,21105.164,233
3,21120.859,233
3,21136.939,233
3,21153.623,233
3,21169.660,233
3,21185.697,233
3,21201.895,233
3,21217.733,233
3,21234.106,233
3,21250.044,240
3,21265.325,240
3,21280.433,240
3,21296.328,240
3,21311.725,240
3,21326.378,240
3,21341.725,240
3,21357.794,240
3,21374.366,240
3,21389.885,240
3,21405.532,240
4,21420.992,0
4,21437.599,0
4,21453.438,0
4,21470.755,0
4,21487.358,0
4,21504.620,0
4,21520.963,0
4,21537.406,0
4,21553.246,0
4,21569.523,0
4,21585.242,8
4,21601.070,8
4,21617.062,8
4,21632.974,8
4,21648.757,8
4,21663.860,8
4,21679.010,8
4,21694.130,8
4,21708.848,8
4,21724.865,8
4,21742.504,8
4,21758.853,17
4,21774.953,17
4,21790.756,17
4,21806.381,17
4,21822.709,17
4,21838.740,17
4,21854.836,17
4,21871.203,17
4,21887.601,17
4,21903.968,17
4,21920.689,25
4,21938.182,25
4,21954.723,25
4,21970.858,25
4,21986.737,25
4,22003.253,25
4,22018.921,25
4,22034.476,25
4,22049.875,25
4,22065.210,25
4,22081.878,33
4,22097.706,33
4,22112.566,33
4,22127.173,33
4,22142.372,33
4,22158.761,33
4,22174.426,33
4,22190.064,33
4,22205.847,33
4,22221.565,33
4,22236.926,33
4,22253.120,42
4,22268.675,42
4,22284.486,42
4,22299.872,42
4,22315.281,42
4,22332.976,42
4,22348.814,42
4,22364.326,42
4,22379.516,42
4,22396.543,42
4,22412.391,50
4,22427.523,50
4,22443.216,50
4,22460.512,50
4,22475.848,50
4,22492.519,50
4,22508.776,50
4,22524.680,50
4,22541.062,50
4,22557.388,50
4,22574.609,50
4,22590.518,58
4,22607.042,58
4,22623.777,58
4,22639.575,58
4,22655.525,58
4,22672.072,58
4,22687.929,58
4,22705.065,58
4,22720.547,58
4,22736.536,58
4,22753.003,66
4,22768.623,66
4,22784.743,66
4,22800.420,66
4,22816.446,66
4,22831.677,66
4,22846.675,66
4,22861.922,66
4,22876.846,66
4,22891.995,66
4,22908.068,66
4,22923.892,75
4,22941.719,75
4,22957.500,75
4,22973.630,75
4,22990.203,75
4,23006.532,75
4,23022.307,75
4,23037.882,75
4,23053.597,75
4,23068.967,75
4,23084.447,83
4,23100.187,83
4,23115.777,83
4,23131.484,83
4,23147.299,83
4,23162.635,83
4,23177.710,83
4,23192.198,83
4,23208.123,83
4,23223.810,83
4,23239.606,83
4,23255.084,91
4,23270.856,91
4,23287.096,91
4,23302.732,91
4,23320.111,91
4,23335.529,91
4,23352.060,91
4,23367.737,91
4,23383.288,91
4,23398.837,91
4,23413.996,100
4,23429.278,100
4,23445.097,100
4,23461.730,100
4,23477.595,100
4,23492.697,100
4,23509.291,100
4,23525.514,100
4,23541.730,100
4,23557.438,100
4,23572.983,100
4,23589.269,108
4,23605.498,108
4,23622.508,108
4,23638.202,108
4,23654.861,108
4,23670.453,108
4,23686.184,108
4,23702.013,108
4,23718.307,108
4,23734.100,108
4,23750.041,116
4,23765.482,116
4,23780.449,116
4,23795.718,116
4,23810.295,116
4,23825.437,116
4,23841.348,116
4,23856.808,116
4,23872.467,116
4,23888.391,116
4,23904.311,116
4,23920.641,125
4,23937.816,125
4,23953.837,125
4,23969.767,125
4,23985.746,125
4,24002.899,125
4,24018.794,125
4,24034.479,125
4,24050.433,125
4,24065.965,125
4,24082.003,133
4,24097.253,133
4,24112.536,133
4,24128.323,133
4,24143.232,133
4,24158.653,133
4,24174.665,133
4,24190.197,133
4,24206.330,133
4,24223.326,133
4,24240.773,133
4,24256.646,141
4,24273.119,141
4,24289.006,141
4,24305.723,141
4,24322.080,141
4,24338.348,141
4,24354.274,141
4,24369.962,141
4,24386.038,141
4,24401.801,141
4,24418.051,150
4,24433.930,150
4,24449.936,150
4,24465.934,150
4,24482.164,150
4,24498.774,150
4,24514.922,150
4,24530.728,150
4,24547.001,150
4,24562.159,150
4,24577.011,158
4,24591.846,158
4,24608.317,158
4,24624.028,158
4,24639.361,158
4,24655.463,158
4,24671.251,158
4,24687.425,158
4,24703.751,158
4,24720.336,158
4,24736.106,158
4,24751.979,166
4,24767.873,166
4,24783.722,166
4,24800.716,166
4,24816.741,166
4,24833.055,166
4,24849.455,166
4,24865.249,166
4,24880.676,166
4,24895.962,166
4,24912.104,175
4,24927.246,175
4,24942.801,175
4,24958.737,175
4,24975.661,175
4,24992.910,175
4,25008.571,175
4,25024.938,175
4,25041.461,175
4,25057.471,175
4,25073.725,175
4,25089.527,183
4,25105.604,183
4,25122.279,183
4,25138.338,183
4,25155.278,183
4,25172.242,183
4,25188.447,183
4,25204.775,183
4,25221.035,183
4,25236.881,183
4,25253.470,191
4,25269.337,191
4,25285.260,191
4,25301.380,191
4,25317.462,191
4,25333.390,191
4,25349.172,191
4,25365.287,191
4,25380.514,191
4,25396.031,191
4,25410.994,199
4,25425.904,199
4,25441.353,199
4,25458.432,199
4,25473.989,199
4,25489.655,199
4,25505.403,199
4,25521.307,199
4,25537.764,199
4,25554.016,199
4,25570.017,199
4,25585.360,208
4,25601.370,208
4,25616.912,208
4,25632.586,208
4,25649.026,208
4,25665.149,208
4,25680.479,208
4,25695.765,208
4,25710.763,208
4,25725.564,208
4,25741.639,208
4,25757.137,216
4,25773.408,216
4,25789.050,216
4,25804.671,216
4,25820.840,216
4,25837.087,216
4,25852.985,216
4,25868.728,216
4,25884.781,216
4,25900.486,216
4,25916.270,224
4,25931.984,224
4,25947.420,224
4,25963.362,224
4,25978.811,224
4,25993.666,224
4,26008.972,224
4,26025.533,224
4,26041.159,224
4,26056.765,224
4,26072.651,224
4,26089.053,233
4,26104.186,233
4,26119.756,233
4,26135.384,233
4,26151.015,233
4,26166.870,233
4,26182.671,233
4,26198.694,233
4,26214.589,233
4,26229.888,233
4,26244.704,240
4,26259.789,240
4,26274.978,240
4,26290.893,240
4,26306.255,240
4,26322.332,240
4,26337.941,240
4,26353.529,240
4,26369.444,240
4,26384.986,240
4,26401.724,240
5,26417.957,0
5,26434.849,0
5,26450.509,0
5,26466.465,0
5,26482.293,0
5,26498.476,0
5,26513.502,0
5,26528.645,0
5,26543.387,0
5,26558.760,0
5,26574.707,0
5,26590.338,8
5,26606.498,8
5,26622.756,8
5,26639.131,8
5,26654.849,8
5,26670.709,8
5,26687.031,8
5,26703.452,8
5,26718.989,8
5,26734.846,8
5,26750.361,17
5,26765.886,17
5,26782.514,17
5,26798.751,17
5,26814.438,17
5,26829.809,17
5,26845.472,17
5,26860.331,17
5,26875.167,17
5,26891.218,17
5,26906.889,17
5,26922.990,25
5,26940.851,25
5,26956.742,25
5,26972.326,25
5,26987.990,25
5,27004.657,25
5,27020.194,25
5,27036.420,25
5,27051.776,25
5,27067.224,25
5,27082.460,33
5,27098.563,33
5,27113.771,33
5,27128.934,33
5,27143.781,33
5,27158.478,33
5,27174.634,33
5,27190.172,33
5,27206.277,33
5,27222.689,33
5,27239.109,33
5,27255.473,42
5,27271.361,42
5,27288.013,42
5,27304.552,42
5,27321.395,42
5,27338.221,42
5,27353.990,42
5,27369.687,42
5,27386.890,42
5,27403.035,42
5,27418.976,50
5,27435.055,50
5,27451.514,50
5,27468.147,50
5,27484.486,50
5,27500.986,50
5,27517.445,50
5,27534.093,50
5,27551.233,50
5,27567.944,50
5,27583.631,58
5,27600.234,58
5,27617.167,58
5,27634.141,58
5,27650.704,58
5,27667.233,58
5,27683.591,58
5,27699.832,58
5,27715.443,58
5,27731.537,58
5,27747.202,66
5,27763.008,66
5,27778.458,66
5,27793.907,66
5,27809.451,66
5,27826.337,66
5,27841.610,66
5,27857.980,66
5,27875.014,66
5,27891.775,66
5,27908.054,66
5,27924.325,75
5,27943.344,75
5,27958.788,75
5,27975.238,75
5,27991.724,75
5,28007.743,75
5,28023.739,75
5,28039.691,75
5,28056.067,75
5,28072.416,75
5,28088.636,83
5,28104.563,83
5,28120.690,83
5,28136.613,83
5,28152.802,83
5,28169.177,83
5,28186.795,83
5,28203.393,83
5,28220.107,83
5,28236.168,83
5,28252.936,91
5,28268.374,91
5,28283.935,91
5,28299.947,91
5,28315.584,91
5,28331.845,91
5,28347.840,91
5,28363.019,91
5,28378.527,91
5,28393.859,91
5,28408.844,100
5,28425.076,100
5,28440.715,100
5,28456.455,100
5,28473.010,100
5,28488.743,100
5,28504.417,100
5,28520.132,100
5,28536.385,100
5,28551.889,100
5,28568.127,100
5,28583.934,108
5,28599.310,108
5,28615.012,108
5,28630.670,108
5,28645.810,108
5,28660.700,108
5,28675.125,108
5,28690.709,108
5,28705.954,108
5,28721.633,108
5,28737.059,108
5,28753.276,116
5,28768.705,116
5,28784.168,116
5,28799.511,116
5,28814.826,116
5,28830.111,116
5,28845.148,116
5,28859.773,116
5,28875.334,116
5,28891.549,116
5,28907.184,116
5,28922.470,125
5,28938.109,125
5,28953.929,125
5,28970.086,125
5,28985.699,125
5,29000.881,125
5,29016.306,125
5,29031.720,125
5,29046.428,125
5,29060.828,125
5,29076.540,133
5,29092.262,133
5,29108.784,133
5,29124.540,133
5,29139.991,133
5,29155.371,133
5,29171.628,133
5,29187.664,133
5,29203.208,133
5,29218.348,133
5,29235.460,133
5,29251.162,141
5,29271.712,141
5,29287.250,141
5,29303.510,141
5,29319.332,141
5,29335.637,141
5,29352.938,141
5,29369.544,141
5,29385.022,141
5,29400.589,141
5,29416.265,150
5,29431.797,150
5,29446.888,150
5,29462.670,150
5,29477.489,150
5,29493.697,150
5,29508.861,150
5,29525.062,150
5,29540.773,150
5,29556.174,150
5,29572.248,150
5,29588.372,158
5,29603.997,158
5,29620.357,158
5,29635.994,158
5,29651.864,158
5,29667.655,158
5,29683.383,158
5,29698.956,158
5,29714.693,158
5,29730.100,158
5,29745.306,166
5,29760.320,166
5,29775.116,166
5,29791.337,166
5,29807.624,166
5,29823.494,166
5,29839.684,166
5,29855.306,166
5,29871.618,166
5,29887.949,166
5,29904.309,166
5,29920.445,175
5,29936.005,175
5,29951.684,175
5,29968.611,175
5,29984.624,175
5,30000.228,175
5,30015.682,175
5,30031.839,175
5,30047.388,175
5,30061.939,175
5,30076.710,183
5,30091.497,183
5,30107.175,183
5,30123.735,183
5,30138.850,183
5,30154.268,183
5,30170.540,183
5,30185.938,183
5,30201.154,183
5,30216.621,183
5,30232.125,183
5,30247.558,191
5,30262.274,191
5,30276.968,191
5,30292.035,191
5,30308.429,191
5,30323.887,191
5,30339.167,191
5,30354.962,191
5,30370.311,191
5,30385.730,191
5,30401.223,191
5,30416.395,199
5,30433.371,199
5,30449.620,199
5,30466.279,199
5,30481.624,199
5,30499.274,199
5,30514.566,199
5,30529.316,199
5,30544.161,199
5,30558.879,199
5,30575.122,199
5,30590.901,208
5,30606.118,208
5,30622.195,208
5,30638.554,208
5,30654.974,208
5,30670.435,208
5,30686.098,208
5,30701.573,208
5,30716.886,208
5,30732.234,208
5,30748.823,216
5,30764.175,216
5,30779.542,216
5,30794.363,216
5,30808.762,216
5,30824.459,216
5,30839.508,216
5,30855.196,216
5,30870.868,216
5,30886.953,216
5,30902.188,216
5,30917.572,224
5,30932.967,224
5,30948.615,224
5,30964.643,224
5,30979.516,224
5,30997.460,224
5,31012.573,224
5,31027.161,224
5,31042.164,224
5,31058.284,224
5,31073.670,224
5,31089.514,233
5,31104.620,233
5,31120.688,233
5,31136.311,233
5,31151.835,233
5,31167.369,233
5,31182.574,233
5,31198.643,233
5,31214.364,233
5,31229.552,233
5,31244.405,240
5,31258.945,240
5,31274.777,240
5,31290.522,240
5,31306.066,240
5,31323.629,240
5,31339.288,240
5,31354.946,240
5,31371.091,240
5,31386.693,240
5,31402.483,240
6,31418.367,0
6,31435.035,0
6,31450.585,0
6,31465.921,0
6,31480.945,0
6,31495.957,0
6,31510.593,0
6,31525.079,0
6,31540.399,0
6,31556.258,0
6,31571.602,0
6,31586.969,8
6,31602.067,8
6,31617.031,8
6,31632.330,8
6,31647.523,8
6,31662.038,8
6,31677.447,8
6,31692.014,8
6,31707.544,8
6,31722.387,8
6,31737.658,8
6,31752.418,17
6,31767.486,17
6,31782.660,17
6,31797.474,17
6,31812.026,17
6,31826.644,17
6,31841.714,17
6,31857.169,17
6,31872.822,17
6,31888.079,17
6,31903.844,17
6,31919.070,25
6,31934.583,25
6,31949.578,25
6,31964.328,25
6,31981.192,25
6,31998.353,25
6,32013.894,25
6,32029.137,25
6,32044.317,25
6,32059.758,25
6,32075.402,33
6,32091.984,33
6,32107.790,33
6,32123.990,33
6,32139.730,33
6,32155.512,33
6,32171.109,33
6,32187.371,33
6,32203.287,33
6,32219.177,33
6,32235.548,33
6,32251.121,42
6,32266.515,42
6,32282.739,42
6,32297.607,42
6,32313.131,42
6,32329.111,42
6,32344.137,42
6,32358.951,42
6,32375.051,42
6,32390.685,42
6,32406.640,42
6,32422.294,50
6,32437.735,50
6,32454.111,50
6,32470.315,50
6,32486.077,50
6,32501.468,50
6,32517.231,50
6,32532.823,50
6,32548.557,50
6,32563.305,50
6,32578.024,58
6,32593.619,58
6,32608.227,58
6,32624.248,58
6,32640.111,58
6,32655.787,58
6,32671.524,58
6,32687.537,58
6,32704.029,58
6,32719.685,58
6,32735.551,58
6,32752.779,66
6,32768.679,66
6,32784.252,66
6,32799.960,66
6,32815.291,66
6,32830.040,66
6,32844.948,66
6,32859.863,66
6,32874.899,66
6,32890.258,66
6,32906.239,66
6,32922.173,75
6,32938.058,75
6,32953.850,75
6,32969.965,75
6,32985.610,75
6,33001.022,75
6,33016.103,75
6,33031.816,75
6,33046.575,75
6,33061.250,75
6,33075.912,83
6,33091.690,83
6,33107.206,83
6,33122.523,83
6,33138.662,83
6,33154.649,83
6,33170.232,83
6,33186.471,83
6,33202.747,83
6,33219.621,83
6,33235.777,83
6,33251.514,91
6,33266.706,91
6,33282.514,91
6,33297.004,91
6,33312.607,91
6,33327.121,91
6,33341.825,91
6,33357.691,91
6,33373.129,91
6,33388.707,91
6,33404.849,91
6,33420.051,100
6,33435.622,100
6,33451.153,100
6,33466.719,100
6,33482.342,100
6,33497.885,100
6,33512.792,100
6,33528.565,100
6,33543.306,100
6,33558.332,100
6,33574.117,100
6,33590.371,108
6,33606.459,108
6,33622.295,108
6,33638.354,108
6,33653.754,108
6,33669.404,108
6,33685.036,108
6,33700.948,108
6,33716.544,108
6,33732.230,108
6,33749.328,116
6,33765.028,116
6,33779.729,116
6,33794.548,116
6,33808.978,116
6,33824.681,116
6,33840.831,116
6,33856.048,116
6,33871.449,116
6,33887.319,116
6,33902.869,116
6,33918.240,125
6,33933.938,125
6,33950.062,125
6,33965.434,125
6,33980.278,125
6,33995.820,125
6,34010.742,125
6,34025.339,125
6,34041.043,125
6,34056.518,125
6,34071.870,125
6,34087.344,133
6,34102.774,133
6,34119.089,133
6,34134.481,133
6,34150.199,133
6,34165.440,133
6,34181.424,133
6,34197.491,133
6,34212.358,133
6,34227.464,133
6,34242.150,141
6,34257.948,141
6,34273.364,141
6,34288.853,141
6,34304.089,141
6,34319.605,141
6,34335.295,141
6,34350.620,141
6,34365.829,141
6,34381.281,141
6,34395.915,141
6,34410.920,150
6,34425.536,150
6,34441.733,150
6,34457.951,150
6,34473.570,150
6,34489.434,150
6,34505.114,150
6,34520.861,150
6,34537.117,150
6,34552.945,150
6,34568.695,150
6,34584.430,158
6,34599.922,158
6,34615.692,158
6,34631.556,158
6,34646.382,158
6,34661.948,158
6,34677.459,158
6,34692.358,158
6,34708.563,158
6,34724.792,158
6,34740.813,158
6,34756.587,166
6,34773.550,166
6,34789.128,166
6,34804.775,166
6,34820.273,166
6,34835.819,166
6,34851.605,166
6,34866.957,166
6,34882.445,166
6,34898.498,166
6,34913.127,175
6,34927.650,175
6,34943.765,175
6,34958.506,175
6,34974.135,175
6,34989.558,175
6,35005.818,175
6,35021.224,175
6,35037.283,175
6,35052.871,175
6,35068.631,175
6,35084.811,183
6,35100.219,183
6,35115.633,183
6,35131.819,183
6,35146.783,183
6,35162.111,183
6,35176.708,183
6,35191.995,183
6,35208.204,183
6,35223.782,183
6,35239.569,183
6,35255.578,191
6,35271.095,191
6,35286.405,191
6,35301.592,191
6,35316.910,191
6,35332.505,191
6,35348.192,191
6,35363.604,191
6,35378.321,191
6,35393.841,191
6,35408.941,199
6,35425.144,199
6,35441.633,199
6,35457.019,199
6,35472.505,199
6,35487.917,199
6,35504.381,199
6,35520.746,199
6,35536.435,199
6,35552.223,199
6,35568.034,199
6,35583.906,208
6,35599.223,208
6,35615.002,208
6,35629.891,208
6,35645.175,208
6,35660.053,208
6,35674.797,208
6,35690.463,208
6,35707.334,208
6,35722.484,208
6,35738.101,208
6,35753.885,216
6,35770.078,216
6,35786.411,216
6,35801.871,216
6,35816.945,216
6,35832.488,216
6,35848.236,216
6,35862.770,216
6,35877.156,216
6,35891.811,216
6,35907.741,216
6,35922.941,224
6,35940.158,224
6,35956.030,224
6,35971.632,224
6,35987.141,224
6,36002.933,224
6,36019.263,224
6,36035.030,224
6,36050.699,224
6,36065.882,224
6,36081.571,233
6,36096.146,233
6,36110.347,233
6,36124.891,233
6,36140.828,233
6,36156.116,233
6,36171.600,233
6,36187.751,233
6,36203.243,233
6,36220.225,233
6,36235.836,233
6,36251.241,240
6,36266.612,240
6,36282.317,240
6,36297.317,240
6,36312.546,240
6,36328.213,240
6,36342.955,240
6,36358.144,240
6,36373.609,240
6,36388.561,240
6,36403.307,240
7,36419.750,0
7,36435.189,0
7,36450.430,0
7,36465.674,0
7,36481.600,0
7,36497.303,0
7,36512.653,0
7,36527.717,0
7,36542.749,0
7,36558.706,0
7,36574.215,0
7,36589.152,8
7,36604.300,8
7,36619.548,8
7,36637.185,8
7,36652.308,8
7,36667.923,8
7,36684.049,8
7,36699.462,8
7,36714.859,8
7,36729.904,8
7,36744.830,17
7,36760.058,17
7,36775.235,17
7,36790.677,17
7,36806.095,17
7,36821.609,17
7,36838.276,17
7,36854.296,17
7,36870.419,17
7,36886.840,17
7,36902.552,17
7,36918.374,25
7,36933.996,25
7,36951.990,25
7,36967.633,25
7,36983.473,25
7,37002.532,25
7,37018.973,25
7,37034.743,25
7,37050.224,25
7,37066.083,25
7,37081.973,33
7,37096.649,33
7,37112.722,33
7,37127.709,33
7,37142.564,33
7,37158.450,33
7,37174.755,33
7,37190.697,33
7,37205.778,33
7,37220.859,33
7,37235.919,33
7,37252.564,42
7,37268.366,42
7,37284.093,42
7,37299.001,42
7,37313.859,42
7,37328.569,42
7,37343.651,42
7,37358.264,42
7,37373.808,42
7,37389.337,42
7,37405.012,42
7,37420.860,50
7,37436.447,50
7,37452.058,50
7,37468.054,50
7,37483.234,50
7,37499.034,50
7,37514.873,50
7,37529.569,50
7,37544.453,50
7,37560.354,50
7,37574.794,58
7,37590.355,58
7,37605.850,58
7,37621.682,58
7,37637.352,58
7,37653.597,58
7,37669.397,58
7,37684.907,58
7,37700.628,58
7,37716.121,58
7,37731.446,58
7,37746.912,66
7,37761.906,66
7,37776.555,66
7,37791.641,66
7,37806.975,66
7,37822.818,66
7,37838.439,66
7,37853.677,66
7,37869.848,66
7,37886.011,66
7,37902.045,66
7,37917.962,75
7,37933.398,75
7,37949.072,75
7,37964.729,75
7,37980.707,75
7,37995.974,75
7,38010.628,75
7,38025.217,75
7,38041.271,75
7,38056.667,75
7,38072.356,75
7,38087.963,83
7,38103.863,83
7,38119.472,83
7,38135.074,83
7,38150.278,83
7,38165.919,83
7,38182.014,83
7,38196.669,83
7,38211.880,83
7,38226.719,83
7,38241.582,91
7,38257.202,91
7,38272.410,91
7,38288.108,91
7,38303.775,91
7,38319.514,91
7,38335.451,91
7,38351.028,91
7,38366.867,91
7,38382.793,91
7,38398.248,91
7,38414.251,100
7,38429.222,100
7,38444.030,100
7,38458.684,100
7,38474.657,100
7,38491.128,100
7,38508.042,100
7,38523.207,100
7,38539.189,100
7,38554.522,100
7,38569.839,100
7,38585.983,108
7,38601.340,108
7,38616.569,108
7,38632.225,108
7,38647.534,108
7,38662.574,108
7,38677.164,108
7,38691.787,108
7,38707.743,108
7,38723.540,108
7,38738.903,108
7,38754.653,116
7,38770.210,116
7,38785.643,116
7,38801.993,116
7,38817.428,116
7,38832.526,116
7,38847.636,116
7,38862.413,116
7,38877.456,116
7,38892.062,116
7,38907.862,116
7,38923.213,125
7,38940.661,125
7,38955.764,125
7,38971.452,125
7,38987.783,125
7,39003.106,125
7,39018.306,125
7,39033.370,125
7,39049.030,125
7,39064.839,125
7,39080.188,133
7,39095.543,133
7,39111.112,133
7,39125.821,133
7,39141.395,133
7,39156.769,133
7,39173.045,133
7,39188.639,133
7,39203.980,133
7,39220.062,133
7,39235.864,133
7,39251.484,141
7,39266.956,141
7,39282.599,141
7,39297.206,141
7,39312.380,141
7,39328.369,141
7,39343.296,141
7,39358.159,141
7,39373.708,141
7,39389.535,141
7,39405.650,141
7,39422.246,150
7,39438.088,150
7,39453.988,150
7,39470.387,150
7,39485.929,150
7,39501.924,150
7,39517.452,150
7,39533.049,150
7,39549.376,150
7,39565.757,150
7,39581.419,158
7,39597.028,158
7,39612.556,158
7,39627.382,158
7,39642.607,158
7,39658.796,158
7,39674.803,158
7,39690.171,158
7,39705.730,158
7,39721.345,158
7,39737.911,158
7,39753.822,166
7,39770.329,166
7,39785.765,166
7,39801.584,166
7,39816.811,166
7,39832.188,166
7,39848.530,166
7,39863.875,166
7,39879.376,166
7,39894.029,166
7,39909.167,175
7,39925.021,175
7,39940.854,175
7,39957.389,175
7,39973.271,175
7,39989.489,175
7,40004.924,175
7,40020.352,175
7,40035.844,175
7,40051.791,175
7,40067.613,175
7,40082.845,183
7,40098.324,183
7,40113.397,183
7,40128.354,183
7,40143.163,183
7,40158.396,183
7,40174.139,183
7,40190.022,183
7,40205.730,183
7,40221.596,183
7,40237.532,183
7,40253.721,191
7,40269.227,191
7,40284.704,191
7,40300.114,191
7,40315.811,191
7,40330.738,191
7,40346.188,191
7,40362.721,191
7,40377.641,191
7,40392.502,191
7,40409.057,199
7,40424.784,199
7,40442.272,199
7,40458.259,199
7,40473.425,199
7,40489.357,199
7,40505.339,199
7,40523.210,199
7,40538.745,199
7,40554.638,199
7,40570.107,199
7,40587.909,208
7,40603.971,208
7,40620.327,208
7,40636.209,208
7,40651.463,208
7,40667.315,208
7,40682.710,208
7,40698.580,208
7,40714.312,208
7,40729.928,208
7,40745.388,216
7,40760.054,216
7,40775.296,216
7,40791.367,216
7,40807.527,216
7,40823.937,216
7,40840.132,216
7,40856.164,216
7,40872.093,216
7,40887.952,216
7,40903.988,216
7,40919.360,224
7,40934.938,224
7,40952.355,224
7,40969.226,224
7,40984.945,224
7,41000.557,224
7,41015.742,224
7,41031.368,224
7,41046.119,224
7,41061.379,224
7,41076.332,233
7,41091.993,233
7,41106.821,233
7,41122.303,233
7,41137.504,233
7,41152.736,233
7,41168.585,233
7,41184.321,233
7,41199.625,233
7,41216.276,233
7,41231.518,233
7,41246.140,240
7,41260.775,240
7,41276.284,240
7,41291.758,240
7,41307.091,240
7,41322.471,240
7,41338.337,240
7,41354.523,240
7,41370.715,240
7,41387.190,240
7,41402.906,240
8,41418.120,0
